<?xml version="1.0" encoding="UTF-8"?>
<config xmlns="http://www.knime.org/2008/09/XMLConfig" xmlns:xsi="http://www.w3.org/2001/XMLSchema-instance" xsi:schemaLocation="http://www.knime.org/2008/09/XMLConfig http://www.knime.org/XMLConfig_2008_09.xsd" key="model.xml">
    <entry key="version" type="xint" value="1"/>
    <entry key="class_name" type="xstring" value="org.knime.google.api.sheets.data.GoogleSheetsConnectionPortObjectSpec"/>
    <config key="model">
        <entry key="interactiveAuth" type="xboolean" value="false"/>
        <config key="credentialRef">
            <entry key="cacheId" type="xstring" value="77223181-fd83-4e41-9550-58147c9c92d2"/>
        </config>
    </config>
</config>
